{
  "model_path": "C:\\Users\\Marissa Macatangay\\Desktop\\tutorial\\backend\\artifacts\\numbers_model.joblib",
  "dataset_path": "C:\\Users\\Marissa Macatangay\\Desktop\\tutorial\\datasets\\numbers_digits\\source\\Sign-Language-Digits-Dataset-master\\Dataset",
  "classes": [
    "0",
    "1",
    "2",
    "3",
    "4",
    "5",
    "6",
    "7",
    "8",
    "9"
  ],
  "class_kept_samples": {
    "0": 292,
    "1": 307,
    "2": 252,
    "3": 396,
    "4": 354,
    "5": 414,
    "6": 308,
    "7": 310,
    "8": 342,
    "9": 405
  },
  "total_samples": 3380,
  "skipped_no_hand": 345,
  "train_samples": 2704,
  "test_samples": 676,
  "accuracy": 0.9881656804733728,
  "classification_report": {
    "0": {
      "precision": 0.9666666666666667,
      "recall": 1.0,
      "f1-score": 0.9830508474576272,
      "support": 58.0
    },
    "1": {
      "precision": 1.0,
      "recall": 0.9836065573770492,
      "f1-score": 0.9917355371900827,
      "support": 61.0
    },
    "2": {
      "precision": 0.9607843137254902,
      "recall": 0.98,
      "f1-score": 0.9702970297029703,
      "support": 50.0
    },
    "3": {
      "precision": 1.0,
      "recall": 1.0,
      "f1-score": 1.0,
      "support": 79.0
    },
    "4": {
      "precision": 0.9594594594594594,
      "recall": 1.0,
      "f1-score": 0.9793103448275862,
      "support": 71.0
    },
    "5": {
      "precision": 1.0,
      "recall": 1.0,
      "f1-score": 1.0,
      "support": 83.0
    },
    "6": {
      "precision": 1.0,
      "recall": 0.967741935483871,
      "f1-score": 0.9836065573770492,
      "support": 62.0
    },
    "7": {
      "precision": 0.9833333333333333,
      "recall": 0.9516129032258065,
      "f1-score": 0.9672131147540983,
      "support": 62.0
    },
    "8": {
      "precision": 1.0,
      "recall": 0.9855072463768116,
      "f1-score": 0.9927007299270073,
      "support": 69.0
    },
    "9": {
      "precision": 1.0,
      "recall": 1.0,
      "f1-score": 1.0,
      "support": 81.0
    },
    "accuracy": 0.9881656804733728,
    "macro avg": {
      "precision": 0.9870243773184949,
      "recall": 0.9868468642463538,
      "f1-score": 0.9867914161236421,
      "support": 676.0
    },
    "weighted avg": {
      "precision": 0.9884529151497478,
      "recall": 0.9881656804733728,
      "f1-score": 0.9881743682339338,
      "support": 676.0
    }
  }
}